Timestamp,Name,Match,Team,Color,Commemts,Notes,Defensive skill,Victim of defense,Penalty,Brick for 20+ sec,auton motion,auton bottom port,auton outer port,auton inner port,bottom port,outer port,inner port,rotate control panel,position control panel,park under shield,hang under shield,"Leveled by this Bot, (Levelor)","Leveled by other Bot, (Levelee)",# 14 Metric
3/7/2020 9:40:36,Estrella,5,2974,B,,1,0,0,0,0,1,0,2,0,0,8,3,0,0,0,1,1,0,0
3/7/2020 10:35:03,E,12,2974,B,Spin around during auto. Can only shot from one location,-1,0,0,0,0,1,0,0,0,0,8,4,0,0,0,0,1,0,0
3/7/2020 11:44:01,L,20,2974,R,,0,0,0,-1,0,0,0,1,0,0,6,0,0,0,1,0,0,0,0
3/7/2020 13:55:40,L,30,2974,R,Got stuck to alliance bot,-1,2,1,0,0,1,0,3,0,0,5,0,0,0,0,0,0,0,0
3/7/2020 15:00:52,L,39,2974,R,,0,1,0,0,0,1,0,2,0,0,5,0,0,0,0,1,0,0,0
3/7/2020 17:19:43,L,56,2974,B,,0,0,1,0,0,1,0,0,0,0,8,0,0,0,0,1,1,0,0
3/7/2020 17:55:25,L,61,2974,R,Shot smoothly,1,0,0,0,0,1,0,5,0,0,14,0,0,0,0,1,1,0,0
3/8/2020 10:27:18,A,76,2974,R,Didn’t do cp,0,2,1,0,0,1,0,3,0,0,11,0,0,0,0,1,1,0,0
3/7/2020 9:25:16,Estrella,3,2040,B,Hit the wall a lot,-1,0,0,0,0,0,0,0,0,1,0,0,0,0,0,0,0,0,0
43897.42944,L,10,2040,R,Shot outside,-1,1,0,-2,0,0,0,0,0,0,0,0,0,0,1,0,0,0,0
43897.49802,L,22,2040,B,Switched to defense,1,2,0,0,0,0,0,0,0,0,0,0,0,0,0,0,0,0,0
3/7/2020 15:01:43,A,39,2040,B,Aggressive defense,0,2,0,0,0,0,0,0,0,0,0,0,0,0,1,0,0,0,0
3/7/2020 16:00:42,Yoyo,47,2040,R,Long outside shot; spit balls out of transfer.,-1,0,0,-2,0,1,0,0,0,0,0,0,0,0,1,0,0,0,0
3/7/2020 16:58:56,L,54,2040,R,,0,0,1,0,0,1,0,0,0,0,0,0,0,0,0,0,0,0,0
3/7/2020 18:11:28,Eagle Robotics,62,2040,B,"Slow robot, balls fall out of intake",-1,0,0,0,0,1,0,0,0,1,0,0,0,0,1,0,0,0,0
3/8/2020 9:26:07,A,68,2040,R,,0,0,2,0,0,1,0,0,0,0,0,0,0,0,0,0,0,0,0
3/8/2020 10:59:18,A,81,2040,R,,-1,0,0,0,0,1,0,0,0,0,0,0,0,0,0,0,0,0,0
3/7/2020 9:48:13,A,6,2048,R,,-1,0,0,0,-1,1,0,0,0,0,3,0,0,0,0,0,0,0,0
3/7/2020 10:32:40,E,12,2048,B,Spent lots of time trying to pick a ball up,-1,0,0,0,0,1,0,0,0,0,5,0,0,0,0,0,0,0,0
3/7/2020 11:57:59,A,22,2048,R,Went to blue rendezvous point,-1,0,0,-1,0,1,0,0,0,0,0,0,0,0,0,0,0,0,0
3/7/2020 14:46:23,Yoyo,37,2048,B,Can shoot from far away.,1,0,0,0,0,1,3,0,0,5,2,0,0,0,1,0,0,0,0
3/7/2020 15:35:32,A,44,2048,B,,-1,0,0,0,0,1,3,0,0,4,0,0,0,0,1,0,0,0,0
3/7/2020 16:42:04,A,52,2048,B,,0,0,0,0,0,1,3,0,0,3,0,0,0,0,1,0,0,0,0
3/8/2020 9:24:36,L,67,2048,B,,0,0,0,0,0,1,0,0,0,1,0,0,0,0,1,0,0,0,0
3/8/2020 10:34:56,A,77,2048,R,,0,0,0,0,0,1,3,0,0,0,0,0,0,0,0,0,0,0,0
3/7/2020 10:04:13,L,8,2973,R,Couldn't move well,-1,0,0,0,0,0,0,0,0,0,0,0,0,0,0,0,0,0,0
3/7/2020 11:10:10,L,16,2973,R,Not excellent defense,-1,1,0,-1,0,0,0,0,0,0,0,0,0,0,0,0,0,0,0
3/7/2020 13:24:38,A,26,2973,B,,1,2,2,-2,0,1,0,0,0,0,0,0,0,0,0,0,0,0,0
3/7/2020 14:18:43,A,33,2973,B,,0,2,0,0,0,0,0,0,0,0,0,0,0,0,0,0,0,0,0
3/7/2020 16:08:55,Yoyo,48,2973,R,,0,2,1,0,0,1,0,0,0,0,0,0,0,0,1,0,0,0,0
3/7/2020 16:52:50,L,53,2973,B,,0,0,0,0,0,1,0,0,0,0,0,0,0,0,0,0,0,0,0
3/7/2020 17:49:15,Rawe,60,2973,R,,0,2,0,0,0,0,0,0,0,0,0,0,0,0,0,0,0,0,0
3/8/2020 10:05:18,A,73,2973,R,,0,2,0,-1,0,1,0,0,0,0,0,0,0,0,1,0,0,0,0
3/7/2020 9:22:41,Alex,3,3002,R,Bricked for sometime and weird collector,-1,0,0,0,-1,1,0,0,0,0,2,0,0,0,1,0,0,1,0
3/7/2020 11:17:03,Alex,16,3002,B,Weak against defense,-1,0,2,0,0,1,0,2,0,3,2,0,0,0,0,0,0,0,0
3/7/2020 13:42:39,A,28,3002,B,,0,0,0,0,0,0,0,0,0,0,3,0,0,0,0,1,1,0,0
3/7/2020 14:55:10,L,38,3002,R,,0,0,0,0,0,1,0,0,0,0,0,0,0,0,0,1,0,0,0
3/7/2020 15:28:17,Yoyo,43,3002,R,"Brick halfway through, gained back 5 seconds later, skewed collector. ",-1,0,0,0,-1,1,0,1,0,0,1,0,0,0,1,0,0,0,0
3/7/2020 17:07:44,E,55,3002,R,,0,1,1,0,0,1,0,0,0,2,2,0,0,0,0,1,1,0,0
3/8/2020 8:59:47,A,64,3002,R,Not the most effective collector,0,0,0,0,0,1,0,3,0,0,5,0,0,0,0,1,1,0,0
3/8/2020 10:32:00,L,77,3002,B,,0,1,0,0,0,0,0,0,0,0,5,0,0,0,0,1,1,0,0
3/8/2020 11:08:22,E,82,3002,B,,0,0,0,-1,0,1,0,3,0,0,3,0,0,0,0,1,0,0,0
3/7/2020 9:59:46,E,7,3002,B,Defended but was okay,1,1,0,-1,0,0,0,0,0,0,0,0,0,0,0,0,0,0,0
3/7/2020 11:12:47,E,16,3002,B,"Defended well this match, really short and fits good under trench ",1,2,0,0,0,1,0,0,0,0,0,0,0,0,0,0,0,0,0
3/7/2020 13:14:37,L,25,3002,R,Defended well,1,2,0,0,0,0,0,0,0,0,0,0,0,0,1,0,0,0,0
3/7/2020 14:03:05,L,31,3002,R,Bricked,-1,0,0,0,-1,0,0,0,0,0,0,0,0,0,0,0,0,0,0
3/7/2020 15:23:25,A,42,3002,B,Defends wells gains to large bots,0,2,0,0,0,0,0,0,0,0,0,0,0,0,1,0,0,0,0
3/7/2020 16:30:45,Yoyo,51,3002,R,,0,2,0,0,0,1,0,0,0,0,0,0,0,0,1,0,0,0,0
3/7/2020 18:08:46,A,62,3002,B,Really fast and good at defense,0,2,0,0,0,0,0,0,0,0,0,0,0,0,1,0,0,0,0
3/8/2020 10:20:20,L,75,3002,R,Good defense,1,2,0,0,0,1,0,0,0,0,0,0,0,0,1,0,0,0,0
3/7/2020 9:38:38,A,5,4124,R,Crash and stopped for the rest of the time,-1,0,0,0,-1,1,0,1,0,0,1,1,0,0,0,0,0,0,0
3/7/2020 11:35:39,Alex,19,4124,R,,0,0,0,0,0,1,0,2,0,0,4,1,0,0,0,1,1,0,0
3/7/2020 13:51:38,A,29,4124,R,They can only shoot next to parts,0,0,0,0,0,1,0,0,0,0,4,0,0,0,0,0,0,0,0
3/7/2020 14:54:43,Alex,38,4124,B,Only driving around,-1,0,0,0,0,1,0,3,0,0,1,0,0,0,1,0,0,0,0
3/7/2020 15:54:10,L,46,4124,B,Spent too much time on one ball,-1,0,0,0,0,1,0,1,0,1,5,0,0,0,1,0,0,0,0
3/7/2020 16:41:34,Yoyo,52,4124,R,,0,0,0,0,0,1,0,3,0,0,3,0,0,0,0,1,1,0,0
3/7/2020 18:05:53,E,62,4124,R,,0,0,0,0,0,1,0,1,0,0,6,0,0,0,0,0,0,0,0
3/8/2020 9:38:44,A,70,4124,R,Stuck on power cell,-1,0,2,0,0,1,0,2,0,0,3,0,0,0,0,0,0,0,0
3/8/2020 10:47:35,L,79,4124,B,,0,0,1,0,0,0,0,0,0,0,5,1,0,0,1,0,0,0,0
3/7/2020 9:56:30,E,7,1702,B,,-1,0,0,0,-1,0,0,0,0,0,0,0,0,0,0,0,0,0,0
3/7/2020 11:18:08,L,17,1702,R,Just cruising,-1,0,0,0,0,0,0,0,0,0,0,0,0,0,0,0,0,0,0
3/7/2020 13:49:11,L,29,1702,B,Poor defense,-1,0,0,0,0,1,0,0,0,0,0,0,0,0,0,0,0,0,0
3/7/2020 14:46:42,L,37,1702,R,Poor defense,-1,0,0,0,0,1,0,0,0,0,0,0,0,0,0,0,0,0,0
3/7/2020 15:28:29,L,43,1702,R,Got in the way of their friendly climb,-1,2,0,0,0,1,0,0,0,0,0,0,0,0,0,0,0,0,0
3/7/2020 16:51:10,L,53,1702,B,Just didn't move,-1,0,0,0,0,1,0,0,0,0,0,0,0,0,0,0,0,0,0
3/8/2020 9:25:46,E,68,1702,B,"Focused on defense, wasn’t too good ",-1,1,0,0,0,1,0,0,0,0,0,0,0,0,0,0,0,0,0
3/8/2020 10:12:47,L,74,1702,R,,0,2,0,0,0,1,0,0,0,0,0,0,0,0,0,1,0,0,0
3/7/2020 9:57:42,A,7,1452,R,Stuck with 3128,-1,1,0,0,0,1,0,0,0,0,0,0,0,0,0,0,0,0,0
3/7/2020 10:54:15,Alex,14,1452,B,Struggles to collect and climber seems to be broken,-1,0,0,0,0,1,0,0,3,0,4,0,0,0,0,0,0,0,0
3/7/2020 12:10:33,L,24,1452,B,,0,0,0,0,0,1,0,3,0,0,3,1,0,0,0,1,0,1,0
3/7/2020 15:03:25,A,39,1452,B,Takes forever to collect from feeder,0,0,0,0,0,0,3,0,0,0,7,0,0,0,1,1,0,0,0
3/7/2020 16:11:05,Yoyo,48,1452,B,3 balls shot out. Came out.,-1,0,0,0,0,1,0,0,0,0,4,1,0,0,0,1,1,0,0
3/7/2020 17:23:29,L,57,1452,R,Slow,-1,0,0,0,0,1,0,1,2,0,5,3,0,0,0,1,0,0,0
3/8/2020 9:07:21,Yoyo,65,1452,R,Bad collector.,-1,0,0,0,0,1,0,2,0,0,1,0,0,0,0,0,1,0,0
3/8/2020 9:55:25,A,72,1452,R,Aggressive defense,0,2,1,0,0,1,0,0,0,0,0,0,0,0,0,0,0,0,0
3/7/2020 9:16:40,A,2,4253,R,Bottom port,-1,0,0,0,0,0,0,0,0,4,0,0,0,0,0,1,1,1,0
3/7/2020 10:25:27,L,11,4253,R,,0,0,0,0,0,1,0,0,0,6,2,0,0,0,0,0,0,0,0
3/7/2020 13:48:08,E,29,4253,R,,0,0,2,0,0,1,0,0,0,8,0,0,0,0,1,0,0,0,0
3/7/2020 14:32:26,A,35,4253,B,,0,0,0,0,0,1,0,0,0,10,0,0,0,0,1,0,0,0,0
3/7/2020 15:19:10,Yoyo,41,4253,B,,0,0,0,0,0,1,0,0,0,13,0,0,0,0,0,1,1,0,0
3/7/2020 16:25:25,A,50,4253,B,Stopped for 25 secs,-1,0,0,0,-1,1,0,0,0,0,0,0,0,0,1,0,0,0,0
3/7/2020 17:50:40,A,60,4253,B,,0,0,1,-1,0,1,3,0,0,2,0,0,0,0,1,0,0,0,0
3/8/2020 10:28:48,A,76,4253,R,,1,0,0,0,0,1,3,0,0,13,0,0,0,0,0,0,0,0,0
3/7/2020 9:30:22,Estrella,4,4141,B,,0,0,0,0,0,1,0,0,0,0,5,0,0,0,1,0,0,0,0
3/7/2020 10:24:15,E,11,4141,B,,0,0,1,0,0,1,0,0,0,0,4,0,0,0,1,0,0,0,0
3/7/2020 12:05:35,A,23,4141,R,Accurate but slow shooter,1,0,0,0,0,1,0,1,0,0,5,1,0,0,0,0,0,0,0
3/7/2020 14:04:46,L,31,4141,R,,0,0,0,0,0,0,0,0,0,0,5,2,0,0,0,0,0,0,0
3/7/2020 15:29:19,E,43,4141,R,Pretty accurate,1,0,0,0,0,1,0,0,0,0,5,0,0,0,0,1,1,0,0
3/7/2020 16:16:38,A,49,4141,B,Trench shooter,0,0,0,0,0,1,0,2,0,0,4,0,0,0,0,1,0,0,0
3/8/2020 9:09:33,A,64,4141,R,Good at trench shooting,0,0,1,0,0,1,0,4,0,0,2,0,0,0,0,1,1,0,0
3/8/2020 9:38:56,L,70,4141,R,Shooter wasn't accurate,-1,0,0,0,0,1,0,1,0,0,3,0,0,0,0,1,0,0,0
3/8/2020 10:41:22,E,78,4141,B,"Accurate unless defended, good climb",1,0,0,0,0,1,0,2,1,0,8,0,0,0,0,1,1,0,0
3/7/2020 10:17:24,E,10,3044,B,1 ball shot out of arena,-1,0,0,0,0,1,0,1,1,0,0,0,0,0,0,0,0,0,0
43897.48323,L,19,3044,B,Almost no shots,-1,0,0,0,0,1,0,0,0,0,0,0,0,0,0,1,0,0,0
3/7/2020 13:33:36,A,27,3044,R,Not sure why it wasn’t shooting,0,0,2,0,0,0,0,0,0,0,0,0,0,0,0,0,0,0,0
3/7/2020 14:45:39,L,37,3044,R,,0,0,2,0,0,1,0,2,0,0,2,1,0,0,1,0,0,0,0
3/7/2020 15:21:22,Yoyo,42,3044,R,"Attempted to climb, but failed. ",-1,0,2,0,0,1,0,3,0,0,0,0,0,0,1,0,1,0,0
3/7/2020 17:26:31,E,57,3044,B,,0,0,0,0,0,0,0,3,0,0,3,0,0,0,0,1,1,0,0
3/8/2020 8:58:48,Yoyo,64,3044,B,Missed most targets.,-1,0,0,0,0,0,0,1,0,0,1,0,0,0,0,0,0,1,0
3/8/2020 9:33:19,E,69,3044,B,Swings when climb is done,-1,0,0,0,0,1,0,3,0,0,6,1,0,0,0,1,1,0,0
3/7/2020 10:16:09,L,10,2603,R,Tippy,-1,2,0,0,0,0,0,0,0,0,0,0,0,0,1,0,0,0,0
3/7/2020 11:11:15,L,16,2603,R,Climbed too early,-1,0,2,-1,0,0,0,1,0,0,1,0,0,0,1,0,0,0,0
43897.49303,E,21,2603,B,Hardly moved throughout match,-1,0,0,0,0,0,0,3,0,0,2,0,0,0,0,0,0,0,0
3/7/2020 13:54:44,L,30,2603,R,Collector got stuck to attacker. Smoked,-1,1,2,0,-1,1,0,3,0,0,0,0,0,0,0,0,0,0,0
3/7/2020 16:02:15,A,47,2603,B,Didn’t move,-1,0,0,0,0,0,0,2,0,0,0,0,0,0,0,0,0,0,0
3/7/2020 17:33:21,A,58,2603,B,Struggle to move,-1,1,0,0,0,1,0,0,0,0,0,0,0,0,0,0,0,0,0
3/8/2020 9:23:40,L,67,2603,B,Jammed shooter,-1,0,0,0,0,1,0,2,0,0,0,0,0,0,1,0,0,0,0
3/8/2020 10:19:15,A,75,2603,R,Attempt to climb,-1,0,0,0,0,1,0,3,0,0,0,0,0,0,1,0,0,0,0
3/8/2020 10:52:52,E,80,2603,B,,0,1,0,-1,0,1,0,0,0,0,0,0,0,0,0,0,0,0,0
3/7/2020 9:23:36,L,3,3597,B,Barely made the shots,-1,0,0,0,0,1,0,3,0,0,3,1,0,0,0,1,0,0,0
3/7/2020 11:03:48,Alex,15,3597,B,Pretty consistent shots,1,0,0,0,0,0,0,3,0,0,8,0,0,0,0,1,1,0,0
3/7/2020 13:19:02,L,25,3597,B,Almost tipped,-1,0,1,0,0,1,0,2,0,0,10,2,0,0,1,0,0,0,0
3/7/2020 14:30:39,Yoyo,35,3597,R,,0,0,0,0,0,1,0,2,0,0,6,0,0,0,0,1,1,0,0
3/7/2020 15:53:41,Yoyo,46,3597,R,,0,0,1,0,0,1,0,2,1,0,5,0,0,0,0,1,1,0,0
3/7/2020 17:32:16,A,58,3597,B,No climb difficulty with defense,-1,0,0,0,0,1,0,3,0,0,6,0,0,0,1,0,0,0,0
3/8/2020 9:13:37,A,66,3597,R,,0,0,1,0,0,1,0,2,1,0,12,1,0,0,1,0,0,0,0
3/8/2020 9:55:47,L,72,3597,R,,0,0,1,0,0,1,0,3,0,0,9,0,0,0,0,1,1,0,0
3/7/2020 9:36:54,A,5,4455,R,Shoots outside of perimeter,-1,0,0,0,0,1,0,0,0,0,0,0,0,0,0,0,0,1,0
43897.46046,L,15,4455,R,,0,0,0,0,0,1,0,0,0,0,4,0,0,0,0,1,1,0,0
3/7/2020 13:41:25,E,28,4455,R,Shot balls over,-1,0,0,-1,0,1,0,1,0,0,0,0,0,0,0,1,0,0,0
3/7/2020 14:46:06,E,37,4455,B,,0,1,0,0,0,1,0,0,0,0,1,0,0,0,1,0,0,0,0
3/7/2020 15:43:53,A,45,4455,B,,0,1,1,0,0,0,1,0,0,0,2,0,0,0,1,0,0,0,0
3/7/2020 16:32:50,A,51,4455,B,Janky climber,-1,1,0,0,0,1,0,2,1,0,0,0,0,0,1,0,0,0,0
3/8/2020 9:38:48,E,70,4455,B,Climb failed,-1,2,0,0,0,0,0,3,0,0,0,0,0,0,1,0,0,0,0
3/8/2020 11:00:27,A,81,4455,R,,0,1,0,0,0,1,0,0,0,0,0,0,0,0,0,1,1,0,0
3/7/2020 10:03:19,L,8,2113,R,,0,0,0,0,0,1,0,0,0,0,2,0,0,0,0,1,1,0,0
3/7/2020 10:42:38,E,13,2113,B,Bumped into their alliance teams robot and chased balls but never shot them,-1,0,0,0,0,1,0,0,0,0,0,0,0,0,0,1,0,0,0
3/7/2020 12:13:20,Alex,24,2113,R,,0,0,0,0,0,0,0,1,0,0,1,0,0,0,0,1,1,0,0
3/7/2020 14:54:28,L,38,2113,R,Didn't shoot balls,-1,0,0,0,0,1,0,1,0,0,0,0,0,0,0,1,0,0,0
43897.64943,Yoyo,44,2113,R,,0,0,1,0,0,1,0,1,0,0,2,0,0,0,0,1,1,0,0
3/7/2020 16:23:25,Yoyo,50,2113,R,,0,1,0,0,0,1,0,0,0,0,0,0,0,0,1,0,1,0,0
43898.39082,L,67,2113,B,,0,0,0,0,0,0,0,0,0,0,0,0,0,0,0,0,0,0,0
3/8/2020 10:18:16,L,75,2113,B,,0,0,2,0,0,1,0,0,0,0,0,0,0,0,0,1,0,1,0
3/7/2020 9:59:31,A,7,3076,R,Shot balls at crowd,-1,0,1,-2,0,1,0,0,0,0,0,0,0,0,0,1,0,1,0
3/7/2020 10:40:24,E,13,3076,B,Tipped over and fell on its side,-1,0,0,0,0,1,0,0,0,0,0,0,0,0,0,0,0,0,0
3/7/2020 13:41:06,L,28,3076,R,,0,0,0,0,0,1,0,0,0,0,0,0,0,0,0,1,0,0,0
3/7/2020 14:17:50,L,33,3076,R,Climber broke. Very tippy. Very spinny,-1,0,0,0,0,0,0,0,0,0,0,0,0,0,0,0,0,0,0
3/7/2020 15:54:37,A,46,3076,B,,0,0,0,0,0,0,0,0,0,0,0,0,0,0,0,1,0,0,0
3/7/2020 17:00:11,E,54,3076,B,"Only did 2 auto, couldn’t do anything else ",-1,0,0,0,0,0,0,2,0,0,0,0,0,0,0,1,1,0,0
3/7/2020 18:12:44,Yoyo,63,3076,R,"Didn't get rid of balls most of the time, but succeeded on climb. ",-1,0,1,0,0,1,0,0,0,0,0,0,0,0,0,1,1,0,0
43898.39884,A,69,3076,R,"5 balls scored, but nothing later, succeeded in climb",0,0,0,0,0,1,0,3,0,3,2,0,0,0,0,1,0,0,0
3/7/2020 9:54:59,E,7,3894,B,Shot 2 balls out of arena,-1,2,2,0,0,0,0,0,0,0,0,0,0,0,0,0,0,0,0
43897.47598,L,18,3894,R,,0,0,0,-1,0,0,0,0,0,0,3,0,0,0,0,1,0,0,0
3/7/2020 12:02:57,L,23,3894,B,"Didn't move, never bricked",-1,0,0,0,0,0,0,0,0,0,0,0,0,0,0,1,0,0,0
3/7/2020 14:18:38,L,33,3894,R,Didn't shoot,-1,0,0,0,0,1,0,0,0,0,0,0,0,0,0,0,0,0,0
3/7/2020 15:45:16,E,45,3894,R,Collected fast and had a little issue with shooter,1,0,0,0,0,1,0,1,0,0,2,1,0,0,0,1,1,0,0
3/7/2020 16:23:44,L,50,3894,B,,0,0,0,0,0,1,0,0,0,0,4,0,0,0,1,0,0,0,0
3/8/2020 9:23:51,E,66,3894,B,Jammed intake,-1,0,0,0,0,0,0,0,0,0,1,0,0,0,0,0,0,0,0
3/8/2020 10:34:08,L,77,3894,B,Bricked,-1,0,1,0,-1,0,0,0,0,0,0,0,0,0,0,0,0,0,0
3/8/2020 11:08:35,L,82,3894,R,No show,-1,0,0,0,0,0,0,0,0,0,0,0,0,0,0,0,0,0,0
3/7/2020 10:10:05,L,9,3887,B,,0,0,0,0,0,1,0,3,0,0,4,0,0,0,1,0,0,0,0
3/7/2020 11:34:33,L,19,3887,B,,0,0,0,0,0,1,0,0,0,0,6,0,0,0,1,0,0,0,0
3/7/2020 12:11:09,E,24,3887,B,,0,0,0,0,0,1,0,1,0,0,6,4,0,0,0,0,1,0,0
3/7/2020 14:04:37,A,31,3887,B,,0,0,0,0,0,1,0,3,0,0,9,0,0,0,0,1,1,0,0
43897.63077,L,40,3887,R,,0,0,0,0,0,1,0,3,0,0,10,4,0,0,0,1,0,0,0
3/7/2020 17:34:21,E,58,3887,R,,0,0,1,0,0,0,0,4,0,0,10,1,0,0,1,0,0,0,0
3/8/2020 9:27:23,A,68,3887,R,Moved to defense attempted to climb eatly,-1,0,0,-1,-1,1,0,3,0,0,0,0,0,0,0,0,0,0,0
3/8/2020 10:30:27,A,76,3887,R,New high score but didn’t do cp,1,0,0,0,0,1,0,3,0,0,7,0,0,0,0,1,1,0,0
3/8/2020 11:10:03,A,82,3887,R,,0,0,1,-1,0,1,0,3,0,0,7,0,0,0,0,1,1,0,0
3/7/2020 10:02:19,L,8,4911,B,Didn't move,-1,0,0,0,0,1,2,0,0,0,0,0,0,0,0,0,0,0,0
43897.47756,L,18,4911,B,Struggles with balls and shooter,-1,0,0,0,0,1,0,0,0,0,0,0,0,0,0,1,1,0,0
3/7/2020 13:16:32,Alex,25,4911,B,,-1,0,2,0,-1,0,1,0,0,0,0,0,0,0,0,0,0,0,0
3/7/2020 13:56:53,L,30,4911,R,Climbed before they were allowed. Started to smoke,-1,0,1,-1,-1,0,0,0,0,0,0,0,0,0,0,1,0,0,0
3/7/2020 15:11:03,A,40,4911,B,Set climber to early,1,0,0,-1,0,1,0,1,0,0,0,0,0,0,1,0,0,0,0
3/7/2020 17:17:34,E,56,4911,R,Not a good defense,-1,1,1,0,0,1,0,0,0,3,0,0,0,0,0,1,1,0,0
3/8/2020 8:58:00,E,64,4911,R,Bricked for 40 seconds and again for 40 seconds and tried to climb,-1,0,0,0,-1,1,0,0,0,0,0,0,0,0,1,0,0,0,0
3/8/2020 9:37:51,L,70,4911,B,Slow.,-1,1,0,0,0,1,0,0,0,0,0,0,0,0,1,0,0,0,0
3/7/2020 9:10:30,L,1,3047,R,Doesn't fit under the trench,-1,0,0,0,0,1,0,3,2,10,10,9,0,0,1,0,0,0,0
3/7/2020 10:29:53,E,11,3047,B,Ran out of time to climb. Doesn’t get stuck on balls,1,0,0,0,0,1,0,3,0,0,10,4,0,0,1,0,0,0,0
3/7/2020 11:41:48,L,20,3047,B,,0,0,0,0,0,1,0,3,0,0,15,3,0,0,1,0,0,0,0
3/7/2020 15:02:43,L,39,3047,R,,0,0,0,0,0,1,0,6,0,0,5,3,0,0,0,1,1,0,0
3/7/2020 15:43:53,L,45,3047,B,,0,0,0,0,0,1,0,6,0,0,11,3,0,0,1,0,0,0,0
3/7/2020 16:30:09,L,51,3047,R,Side panel Velcro ripped off. Low scoring for them,-1,0,0,0,0,1,0,4,1,0,3,1,0,0,0,1,1,0,0
3/8/2020 9:03:04,Yoyo,64,3047,B,"Amazing shooter, but when getting defended, was held off. ",0,0,2,0,0,1,0,3,2,0,7,2,0,0,0,0,0,0,0
3/8/2020 9:56:47,A,72,3047,R,,0,0,0,0,0,1,0,6,0,0,5,1,0,0,0,1,1,0,0
3/8/2020 10:55:50,A,80,3047,R,,-1,0,0,0,0,1,0,4,0,0,10,0,0,0,0,1,0,0,0
3/7/2020 9:24:27,A,3,2051,R,Balls jam in transfer and just drive around,-1,0,0,0,0,1,0,0,0,0,0,0,0,0,0,1,0,0,0
3/7/2020 12:04:21,L,23,2051,R,Ball got stuck,-1,0,2,0,0,0,0,2,0,0,0,0,0,0,0,1,0,0,0
3/7/2020 13:54:57,A,30,2051,B,,0,0,0,0,0,1,0,3,0,0,1,0,0,0,1,0,0,0,0
3/7/2020 15:09:18,A,40,2051,B,,0,0,0,0,0,1,0,2,0,0,2,0,0,0,1,0,0,0,0
3/7/2020 16:41:04,L,52,2051,R,Balls got stuck in transfer,-1,0,0,0,0,0,0,3,0,0,0,0,0,0,0,1,1,0,0
3/8/2020 9:14:27,L,65,2051,B,Ball jam,-1,0,0,0,0,0,0,1,0,0,1,0,0,0,0,0,0,0,0
3/8/2020 9:48:27,E,71,2051,B,"Good shooter, not good under pressure ",1,0,2,0,0,1,0,2,1,0,1,2,0,0,0,1,0,0,0
3/7/2020 9:05:34,L,1,1861,B,Early balls didn't have enough power,-1,0,0,0,0,0,0,0,0,0,4,0,0,0,1,0,0,0,0
3/7/2020 10:33:29,L,12,1861,R,,0,0,0,0,0,0,0,0,0,0,4,0,0,0,0,1,1,0,0
3/7/2020 13:24:05,L,26,1861,R,,0,0,1,0,0,1,0,1,0,0,7,2,0,0,0,1,1,0,0
3/7/2020 14:25:11,Yoyo,34,1861,R,,0,0,0,0,0,1,0,0,3,0,3,0,0,0,0,1,1,0,0
3/7/2020 15:12:44,Alex,40,1861,B,,0,1,1,0,0,0,0,2,0,0,1,0,0,0,1,0,0,0,0
3/7/2020 16:23:51,A,50,1861,B,Looked confused,-1,0,0,0,0,1,0,0,0,0,8,2,0,0,1,0,0,0,0
3/7/2020 18:07:49,Wolf pack robotics,62,1861,R,,0,0,2,0,0,1,6,0,0,0,7,6,0,0,0,1,1,1,0
3/8/2020 9:33:17,L,69,1861,B,,0,0,0,0,0,0,0,0,0,0,1,0,0,0,0,1,0,0,0
3/8/2020 10:39:17,L,78,1861,R,,0,0,0,0,0,1,0,4,0,0,13,1,0,0,0,1,0,0,0
3/7/2020 9:42:50,E,5,1434,B,,1,0,0,0,0,0,0,2,0,0,4,0,0,0,0,1,1,1,0
43897.44403,Alex,13,1434,R,Trouble collecting,0,0,0,0,0,1,0,2,1,0,4,0,0,0,0,1,1,0,0
3/7/2020 13:26:22,Alex,26,1434,B,,0,0,0,-1,0,1,0,0,0,0,4,0,0,0,0,1,1,0,0
3/7/2020 14:11:57,Alex,32,1434,R,5 shots out of arena,-1,0,0,0,0,1,0,2,0,0,1,0,0,0,1,0,0,0,0
3/7/2020 16:14:37,L,49,1434,R,Consistent shooter,1,0,0,0,0,1,0,2,0,0,8,0,0,0,0,1,0,1,0
3/7/2020 17:36:05,Lunas,58,1434,R,Attempted climb failed,0,0,0,0,0,1,0,4,0,0,3,1,0,0,1,0,0,0,0
3/8/2020 9:25:58,L,68,1434,B,,0,0,0,0,0,1,0,1,0,0,3,0,0,0,0,1,1,0,0
3/8/2020 10:32:54,E,77,1434,B,"Activated climb early, bricked ",-1,0,0,0,-1,1,0,3,0,0,2,0,0,0,0,0,0,0,0
3/7/2020 9:40:36,A,5,4720,R,Trouble collecting balls,-1,0,0,0,0,1,0,0,0,4,0,0,0,0,0,1,1,0,0
3/7/2020 10:18:27,Alex,10,4720,B,Browning out switched to defense,-1,1,0,0,0,0,0,0,2,0,0,0,0,0,1,0,0,0,0
3/7/2020 11:49:34,L,21,4720,B,,0,0,0,0,0,1,0,0,0,0,0,0,0,0,1,0,0,0,0
3/7/2020 14:25:22,A,34,4720,B,,0,0,0,0,0,1,0,0,0,7,0,0,0,0,0,1,0,1,0
3/7/2020 15:16:49,L,41,4720,R,,0,0,0,0,0,1,0,0,0,7,0,0,0,0,0,1,1,0,0
3/7/2020 16:52:15,E,53,4720,R,,0,0,0,0,0,1,0,0,0,2,0,0,0,0,0,1,1,0,0
3/8/2020 9:11:59,A,66,4720,R,,-1,0,0,0,0,1,0,0,0,3,0,0,0,0,1,0,0,0,0
3/8/2020 9:48:20,d,71,4720,B,,0,0,1,0,0,1,0,0,0,0,0,0,0,0,1,0,0,0,0
3/8/2020 10:40:46,A,78,4720,R,,0,1,0,0,0,1,0,0,0,3,0,0,0,0,0,0,0,0,0
3/7/2020 9:45:43,A,6,2748,R,Shot outside alot,-1,0,0,-2,0,1,0,0,0,0,1,0,0,0,1,0,0,0,0
3/7/2020 10:31:33,L,12,2748,R,Shot audience,-1,0,0,-1,0,0,0,0,0,0,0,0,0,0,0,0,0,0,0
3/7/2020 12:03:41,E,23,2748,B,Can only shoot low port,-1,0,0,0,0,1,2,0,0,3,0,0,0,0,1,0,0,0,0
3/7/2020 14:39:33,A,36,2748,R,,-1,0,0,0,0,0,0,0,0,0,2,0,0,0,1,0,0,0,0
3/7/2020 15:52:44,A,46,2748,B,Very slow,-1,0,0,0,0,0,0,0,0,1,2,0,0,0,0,0,0,0,0
3/7/2020 15:53:09,A,46,2748,B,Very slow,-1,0,0,0,0,0,0,0,0,1,2,0,0,0,0,0,0,0,0
3/7/2020 16:30:42,E,51,2748,R,,0,0,0,0,0,1,0,0,0,6,0,0,0,0,1,0,0,0,0
3/7/2020 17:49:11,A,61,2748,B,Bricked for whole match til endgame,-1,0,1,0,-1,1,0,0,0,0,0,0,0,0,0,0,0,0,0
3/8/2020 10:40:45,L,78,2748,B,Missed bottom port. Didn't move,-1,0,0,0,0,1,0,0,0,0,0,0,0,0,0,0,0,0,0
3/7/2020 9:11:28,L,1,2914,R,Slow,-1,0,0,0,0,1,0,0,0,0,1,0,0,0,1,0,0,0,0
3/7/2020 11:36:49,L,19,2914,B,,0,0,0,0,0,1,0,0,0,0,3,0,0,0,1,0,0,0,0
3/7/2020 13:16:40,L,25,2914,R,Failed a climb,-1,0,0,0,0,1,0,0,0,0,1,0,0,0,1,0,0,0,0
3/7/2020 14:20:04,A,33,2914,B,,0,0,0,0,0,1,0,0,0,0,3,0,0,0,1,0,0,0,0
3/7/2020 16:00:56,A,47,2914,B,2 ball shot out of arena,-1,0,0,0,0,1,0,0,0,0,4,0,0,0,1,0,0,0,0
3/7/2020 17:11:39,E,55,2914,R,,0,0,0,-1,0,1,0,0,0,0,4,0,0,0,1,0,0,0,0
3/8/2020 9:20:10,A,67,2914,R,Attempted to climb,0,0,0,0,0,1,0,0,0,0,4,0,0,0,1,0,1,0,0
3/8/2020 10:39:20,A,78,2914,R,,0,0,0,0,0,1,0,0,0,0,4,0,0,0,1,0,0,0,0
3/7/2020 9:16:52,Estrella,2,1965,B,Bot goes over the ball when collecting and sometimes gets stuck,-1,0,0,0,0,1,0,0,0,6,0,0,0,0,0,1,0,0,0
3/7/2020 10:37:23,A,12,1965,B,Boys hung at the same time,1,0,0,0,0,1,5,0,0,6,0,0,0,0,0,1,1,1,0
3/7/2020 11:49:01,A,21,1965,R,Slow,-1,0,0,0,0,0,0,0,0,5,0,0,0,0,0,1,0,1,0
3/7/2020 14:44:43,L,37,1965,R,Didn't do much. Slow,-1,0,0,0,0,1,0,0,0,4,0,0,0,0,0,1,0,0,0
3/7/2020 15:27:33,A,43,1965,B,,0,0,0,0,0,1,0,0,0,3,0,0,0,0,0,1,0,0,0
3/7/2020 17:01:17,L,54,1965,R,,0,0,0,0,0,1,2,0,0,2,0,0,0,0,1,0,0,0,0
3/7/2020 17:41:43,E,59,1965,R,Only shoots bottom port,-1,0,0,0,0,1,3,0,0,3,0,0,0,0,0,1,0,0,0
3/8/2020 9:54:39,E,72,1965,B,,0,0,0,0,0,0,0,0,0,3,0,0,0,0,0,1,0,0,0
3/7/2020 10:04:15,E,8,2653,B,Failing to shoot in lower part. Got stuck on red shield,-1,0,0,0,0,1,0,0,0,0,0,0,0,0,0,0,0,0,0
3/7/2020 11:11:54,L,16,2653,R,,0,0,0,0,0,0,0,0,0,3,0,0,0,0,0,0,0,0,0
3/7/2020 13:49:58,E,29,2653,R,All balls shot didn’t make it in,-1,0,2,0,0,1,0,0,0,0,0,0,0,0,1,0,0,0,0
3/7/2020 15:01:49,L,39,2653,R,,0,1,1,0,0,1,0,0,0,6,0,0,0,0,0,0,0,0,0
3/7/2020 15:34:32,L,44,2653,R,,0,0,0,0,0,1,0,0,0,4,0,0,0,0,0,1,0,1,0
3/7/2020 16:15:15,A,49,2653,B,,0,0,2,0,0,1,0,0,0,4,0,0,0,0,1,0,0,0,0
3/7/2020 17:41:15,A,59,2653,B,,-1,0,0,0,-1,1,0,0,0,0,0,0,0,0,0,0,0,0,0
3/8/2020 9:33:43,d,69,2653,B,"didn’t focus on the game, was lost",-1,1,0,0,0,1,0,0,0,6,0,0,0,0,0,0,0,0,0
3/8/2020 11:07:57,L,82,2653,B,Missed bottom port,-1,1,0,0,0,1,0,0,0,0,0,0,0,0,1,0,0,0,0
3/7/2020 10:10:59,E,9,1123,B,"Wobbles, squeezes balls out, tried to climb but couldn’t ",-1,0,0,0,0,0,0,1,0,0,0,0,0,0,1,0,0,0,0
3/7/2020 11:18:55,Alex,17,1123,R,Attempts defense gets penalties and tried to climb,-1,1,0,-2,0,1,0,1,0,0,0,0,0,0,1,0,0,0,0
3/7/2020 11:56:26,A,22,1123,R,,-1,0,2,-1,0,0,0,0,0,0,0,0,0,0,0,0,0,0,0
3/7/2020 13:55:43,E,30,1123,B,Extremely wobbly,-1,1,1,0,0,1,0,1,0,0,0,0,0,0,0,0,0,0,0
3/7/2020 15:18:16,A,41,1123,B,Pretty aggressive,-1,0,0,0,0,1,0,0,0,0,0,0,0,0,0,0,0,0,0
3/7/2020 16:14:58,E,49,1123,R,,0,2,0,0,0,1,0,3,0,0,0,0,0,0,0,0,0,0,0
3/7/2020 17:47:51,L,60,1123,R,,0,1,0,0,0,1,0,1,0,0,0,0,0,0,1,0,0,0,0
3/8/2020 9:54:04,d,72,1123,B,"almost tipped, aggressive",-1,1,1,-2,0,1,0,0,0,0,0,0,0,0,0,0,0,0,0
3/8/2020 10:02:37,d,72,1123,B,"almost tipped, aggressive",-1,1,1,-2,0,1,0,0,0,0,0,0,0,0,0,0,0,0,0
3/7/2020 9:50:18,E,6,3862,B,,0,0,0,0,0,0,0,3,0,0,10,0,0,0,0,0,0,0,0
3/7/2020 11:20:00,L,17,3862,B,Quick climb,1,0,0,0,0,0,0,0,0,0,2,1,0,0,0,1,0,0,0
3/7/2020 13:23:15,L,26,3862,R,,0,1,0,0,0,1,0,5,0,0,0,0,0,0,0,1,1,0,0
3/7/2020 14:38:21,A,36,3862,R,,0,0,2,0,0,1,0,3,0,0,8,0,0,0,0,1,1,0,0
3/7/2020 15:24:15,Yoyo,42,3862,B,Quick collector.,1,1,2,0,0,0,0,2,0,0,0,0,0,0,0,1,1,0,0
3/7/2020 16:22:47,L,50,3862,R,Got stuck with a ball,-1,0,0,0,-1,1,0,3,0,0,3,3,0,0,1,0,0,0,0
3/7/2020 17:40:15,A,59,3862,B,,-1,0,0,0,0,1,0,3,0,0,9,0,0,0,0,1,0,0,0
3/8/2020 9:39:08,d,70,3862,B,"had one ball go out, got stuck on ball for 15 seconds, but extended climber but didnt climb",-1,0,1,-1,0,1,0,3,0,0,6,3,0,0,0,0,0,0,0
3/8/2020 10:54:23,A,80,3862,R,,0,0,1,0,0,0,0,5,0,0,7,1,0,0,0,1,0,0,0
3/7/2020 9:30:04,A,4,2984,R,Shit once and missed,-1,0,0,0,0,1,0,0,0,0,0,0,0,0,0,1,1,0,0
3/7/2020 11:10:56,E,16,2984,B,,0,0,1,0,0,1,0,0,0,0,3,0,0,0,1,0,0,0,0
3/7/2020 13:32:01,Alex,27,2984,R,Shooter appeared to not work,-1,0,0,0,0,1,0,0,0,0,0,0,0,0,0,1,1,0,0
3/7/2020 14:09:06,L,32,2984,R,,0,0,0,0,0,0,0,0,0,0,5,0,0,0,0,1,0,0,0
3/7/2020 15:09:16,L,40,2984,R,Shot out of field,-1,0,0,0,0,1,0,0,0,0,2,3,0,0,1,0,0,0,0
3/7/2020 16:53:56,L,53,2984,B,Bricked,-1,0,0,0,-1,0,0,0,0,0,0,0,0,0,0,0,0,0,0
3/7/2020 18:11:55,E,63,2984,R,,0,0,0,0,0,1,0,0,0,0,1,1,0,0,0,1,1,0,0
3/8/2020 9:54:13,L,72,2984,B,Can shoot over defense,1,0,0,0,0,1,0,0,0,0,1,3,0,0,1,0,0,0,0
3/8/2020 11:00:43,L,81,2984,B,Not much shooting,-1,0,0,0,0,1,0,0,0,0,2,0,0,0,1,0,0,0,0
3/7/2020 10:17:26,L,10,2984,R,Misses every shot,-1,0,0,-2,0,1,0,0,0,0,0,0,0,0,1,0,0,0,0
3/7/2020 11:44:25,Alex,20,2984,R,Flywheel isn’t stabilize,-1,0,0,-1,0,0,0,0,0,0,0,0,0,0,0,0,0,0,0
3/7/2020 13:23:14,Alex,26,2984,B,,0,0,0,0,0,1,0,0,0,0,1,0,0,0,1,0,0,0,0
3/7/2020 14:30:18,L,35,2984,B,Didn't move,-1,0,0,0,0,0,0,0,0,0,0,0,0,0,0,0,0,0,0
3/7/2020 15:37:29,Yoyo,44,2984,B,"Looks lost, not accurate, aggressive defending, lost bumper.",-1,1,0,0,-1,1,0,0,0,0,1,0,0,0,0,0,0,0,0
3/7/2020 17:10:16,E,55,2984,R,,0,1,0,0,0,1,0,0,0,0,2,0,0,0,1,0,1,0,0
3/8/2020 9:20:13,L,65,2984,B,,0,0,0,0,0,0,0,0,0,0,0,0,0,0,0,0,0,0,0
3/8/2020 10:12:09,d,74,2984,B,"shoots w 3 balls in intake, overshot 2",0,1,0,0,0,1,0,2,1,0,3,0,0,0,0,0,0,0,0
3/7/2020 9:44:58,E,5,3946,B,Didn’t Brock but stopped moving in the last 30 seconds,-1,0,0,0,0,1,0,0,0,0,1,1,0,0,0,0,0,0,0
3/7/2020 11:26:41,E,18,3946,R,"Goes up and down while driving, instead of a smooth drive ",-1,0,0,-1,0,0,0,2,0,0,0,0,0,0,0,1,1,0,0
3/7/2020 13:32:21,L,27,3946,B,,0,0,0,0,0,1,0,2,0,0,0,0,0,0,0,1,1,0,0
3/7/2020 14:31:47,E,35,3946,R,Collector jammed,-1,0,0,0,0,1,0,2,0,0,1,0,0,0,0,1,0,1,0
43897.67314,E,48,3946,R,,0,0,2,0,0,1,0,2,0,0,0,0,0,0,0,1,1,0,0
3/7/2020 17:00:10,L,54,3946,R,Worse driving than before,-1,0,0,0,0,1,0,1,1,0,0,0,0,0,1,0,0,0,0
3/7/2020 17:56:25,A,61,3946,B,,-1,0,0,0,0,1,0,1,0,0,0,0,0,0,0,1,0,1,0
3/8/2020 10:12:38,E,74,3946,B,"Slow, tippy robot, tried defending but couldn’t ",-1,0,2,0,0,0,0,0,0,0,0,0,0,0,0,1,0,0,0
3/8/2020 10:53:40,L,80,3946,B,,0,0,0,0,0,1,0,2,0,0,0,0,0,0,0,1,0,0,0
3/7/2020 9:15:13,L,2,1029,B,,0,0,0,0,0,1,0,0,0,9,0,0,0,0,1,0,0,0,0
3/7/2020 11:34:12,Alex,19,1029,R,,0,0,0,0,0,0,0,0,0,7,0,0,0,0,0,0,0,0,0
3/7/2020 12:11:32,L,24,1029,B,,0,0,0,0,0,1,0,0,0,12,0,0,0,0,1,0,0,0,0
3/7/2020 13:56:45,A,30,1029,R,,0,0,0,0,0,0,0,0,0,9,0,0,0,0,1,0,0,0,0
3/7/2020 15:20:55,E,42,1029,R,,0,0,0,0,0,1,0,0,0,4,0,0,0,0,0,0,0,0,0
3/7/2020 16:45:01,A,52,1029,B,,0,0,0,0,0,1,0,0,0,7,0,0,0,0,1,0,0,0,0
3/8/2020 9:10:48,Alex,66,1029,R,,0,0,0,0,0,0,2,0,0,3,0,0,0,0,0,0,0,0,0
3/8/2020 10:13:40,A,74,1029,R,Fast collector but releases early,0,0,1,-1,0,0,2,0,0,11,0,0,0,0,0,0,0,0,0
3/8/2020 11:01:47,L,81,1029,R,,0,0,0,0,0,1,3,0,0,7,0,0,0,0,0,1,1,0,0
3/7/2020 9:25:48,A,3,3827,R,Attempting to climb lost control on hook,-1,0,0,0,0,1,0,0,0,0,4,0,0,0,1,0,0,0,0
3/7/2020 10:27:21,E,11,3827,B,One ball shot out of arena,-1,0,0,0,0,1,0,1,0,0,6,0,0,0,1,0,0,0,0
3/7/2020 12:11:35,A,24,3827,R,,0,0,0,0,0,0,0,0,1,0,4,1,0,0,0,1,0,1,0
3/7/2020 14:12:18,E,32,3827,B,,0,0,0,0,0,1,0,0,0,0,3,3,0,0,1,0,0,0,0
3/7/2020 15:16:57,A,41,3827,B,Need to be faster,0,0,0,0,0,1,0,0,0,0,8,1,0,0,1,0,0,0,0
3/7/2020 17:15:17,A,56,3827,B,,0,0,2,0,0,0,0,0,0,0,4,0,0,0,0,1,0,0,0
3/8/2020 9:17:34,A,67,3827,R,One ball shot out,0,0,0,0,0,1,0,0,0,0,5,0,0,0,1,0,0,0,0
3/8/2020 10:11:37,A,74,3827,R,,0,0,0,0,0,0,1,0,0,0,5,0,0,0,0,1,0,0,0
3/8/2020 10:46:42,L,79,3827,R,,0,0,0,0,0,1,0,0,0,0,8,0,0,0,0,1,0,0,0
3/7/2020 9:06:34,L,1,4353,R,Didn't move,-1,0,0,0,0,0,0,0,0,0,0,0,0,0,0,0,0,0,0
3/7/2020 11:05:22,L,15,4353,B,Didn't do anything,-1,0,0,-1,0,0,0,0,0,0,0,0,0,0,0,0,0,0,0
3/7/2020 11:50:19,A,21,4353,R,Jam collector,-1,1,0,0,-1,1,0,0,0,0,0,0,0,0,1,0,0,0,0
3/7/2020 14:54:20,E,38,4353,B,Moved around aimlessly,-1,1,0,0,0,1,0,0,0,0,0,0,0,0,1,0,0,0,0
3/7/2020 16:15:26,L,49,4353,B,,0,0,2,0,0,1,0,0,0,0,1,0,0,0,0,0,0,0,0
3/7/2020 17:22:40,E,57,4353,R,Just drove around,-1,0,0,0,0,1,0,0,0,0,2,0,0,0,0,0,0,0,0
3/7/2020 18:14:18,E,63,4353,B,Shoots slowly. 10 seconds for 1 shot,-1,0,0,0,0,1,0,0,0,0,2,0,0,0,0,0,0,0,0
3/8/2020 10:11:48,L,74,4353,B,,0,1,0,0,0,1,0,0,0,0,0,0,0,0,0,0,0,0,0
3/7/2020 9:47:14,A,6,2882,R,,0,0,0,0,0,1,0,1,0,0,8,2,0,0,0,1,1,0,0
3/7/2020 10:23:38,L,11,2882,R,Struggles to collect,-1,0,0,0,0,1,0,0,0,0,5,0,0,0,0,1,1,0,0
3/7/2020 13:44:08,A,28,2882,B,,-1,0,0,0,0,0,0,1,0,0,7,0,0,0,0,0,0,0,0
3/7/2020 14:56:14,Yoyo,38,2882,B,Barely moved in autonomous.,-1,0,0,0,0,1,0,3,0,0,9,0,0,0,0,1,0,0,0
3/7/2020 16:08:43,L,48,2882,R,,0,0,0,0,0,1,0,2,0,0,7,2,0,0,1,0,0,0,0
3/7/2020 17:33:06,Iron Kodiaks,58,2882,B,,0,1,0,0,0,1,0,3,0,0,0,0,0,0,0,0,0,0,0
3/8/2020 9:16:14,L,65,2882,B,,0,2,0,0,0,1,0,0,0,0,0,0,0,0,0,0,0,0,0
3/8/2020 10:04:29,d,73,2882,B,,0,1,2,0,0,0,0,3,0,0,3,0,0,0,0,1,0,0,0
3/7/2020 9:06:14,Estrella,1,2292,B,"Moved from initialization, then bricked for teleop",0,0,0,0,-1,0,0,0,0,0,0,0,0,0,0,0,0,0,0
3/7/2020 11:18:58,E,17,2292,B,Very short shots and missed most. Collector was very good,-1,0,0,0,0,1,0,3,0,0,7,0,0,0,0,0,0,0,0
3/7/2020 12:12:46,E,24,2292,R,,1,0,0,0,0,0,0,0,0,0,6,0,0,0,0,0,0,0,0
3/7/2020 14:05:52,E,31,2292,B,,0,0,0,0,0,1,0,0,0,0,6,0,0,0,0,1,1,0,0
3/7/2020 15:55:15,L,46,2292,R,Misses most shots,-1,0,0,0,0,1,0,2,0,0,2,0,0,0,0,1,1,0,0
3/7/2020 17:19:31,E,56,2292,R,,0,0,0,-1,0,1,0,0,0,0,0,2,0,0,0,1,1,0,0
3/7/2020 17:56:14,L,61,2292,R,,0,0,0,-1,0,1,0,7,1,0,0,0,0,0,0,1,0,0,0
3/8/2020 10:32:36,A,77,2292,R,,0,0,0,0,0,1,0,0,0,0,5,0,0,0,0,1,0,1,0
3/7/2020 9:10:45,Estrella,1,1556,B,Collector jammed,-1,0,0,0,0,1,0,0,0,0,5,0,0,0,1,0,0,0,0
3/7/2020 11:26:25,L,18,1556,R,,0,0,0,0,0,1,0,2,0,0,5,1,0,0,0,0,0,0,0
3/7/2020 13:47:57,A,29,1556,B,,0,0,0,0,0,0,0,1,0,0,4,1,0,0,0,0,0,0,0
3/7/2020 14:37:33,L,36,1556,B,Fast,1,0,0,0,0,1,0,3,0,0,6,0,0,0,0,0,0,0,0
3/7/2020 15:35:29,E,44,1556,R,,0,0,0,0,0,1,0,3,0,0,9,1,0,0,0,0,0,0,0
3/7/2020 17:32:17,E,58,1556,R,,0,0,0,0,0,1,0,2,0,0,8,1,0,0,1,0,0,0,0
3/7/2020 18:14:19,A,63,1556,B,,0,0,0,0,0,1,0,3,0,0,7,1,0,0,1,0,0,0,0
3/8/2020 9:46:15,A,71,1556,R,,0,1,1,0,0,1,0,3,0,0,2,0,0,0,1,0,0,0,0
3/8/2020 10:59:36,L,81,1556,B,Ball jam,-1,0,0,0,0,1,0,0,0,1,11,1,0,0,0,0,0,0,0
3/7/2020 10:18:55,E,10,3356,B,Only does bottom port,1,0,0,0,0,0,0,0,0,5,1,0,0,0,0,1,0,0,0
3/7/2020 11:04:05,L,15,3356,R,"Stopped moving, not sure why",-1,0,1,0,-1,0,0,0,0,7,0,0,0,0,0,0,0,0,0
3/7/2020 11:56:17,L,22,3356,B,,0,0,0,0,0,0,0,0,0,4,0,0,0,0,0,1,0,0,0
3/7/2020 14:19:29,L,33,3356,R,,0,2,0,0,0,0,0,0,0,6,0,0,0,0,0,0,0,0,0
3/7/2020 15:28:51,A,43,3356,B,Didn’t do anything besides drive,0,0,0,0,0,0,0,0,0,1,0,0,0,0,0,0,0,0,0
3/7/2020 16:22:56,E,50,3356,R,,0,0,0,0,0,1,0,0,0,11,0,0,0,0,0,1,0,0,0
3/7/2020 17:59:10,E,61,3356,B,,0,0,0,0,0,0,0,0,0,13,0,0,0,0,0,0,0,0,0
3/8/2020 9:48:22,A,71,3356,R,,0,0,0,0,0,1,0,0,0,8,0,0,0,0,1,0,0,0,0
3/7/2020 9:17:43,a,2,3472,R,,-1,0,0,0,0,0,0,1,0,0,0,0,0,0,1,0,0,0,0
3/7/2020 11:05:09,A,15,3472,B,Ball jammed in shooter,-1,0,0,0,0,1,0,0,0,0,3,0,0,0,0,0,0,0,0
3/7/2020 12:04:04,A,23,3472,R,,0,0,1,-1,0,0,0,3,0,0,3,0,0,0,0,0,0,0,0
3/7/2020 14:11:20,Yoyo,32,3472,R,Fast shooter. Accurate.,1,0,0,0,0,0,0,4,0,0,5,2,0,0,0,0,0,0,0
3/7/2020 15:37:19,A,44,3472,B,,-1,0,0,0,0,1,0,2,0,0,5,0,0,0,1,0,0,0,0
3/7/2020 17:10:40,A,55,3472,B,Trouble orienting,-1,0,2,-1,0,1,0,0,0,0,0,0,0,0,0,0,0,0,0
3/7/2020 18:04:57,E,62,3472,R,,0,0,2,-1,0,0,0,2,0,0,6,0,0,0,0,0,0,0,0
3/8/2020 10:04:59,E,73,3472,B,"Focused on defense during match, prevented bots from shooting ",1,2,0,0,0,0,0,2,1,0,1,0,0,0,1,0,0,0,0
3/8/2020 10:57:07,A,80,3472,R,,1,2,0,0,0,0,0,5,0,0,0,0,0,0,0,0,0,0,0
3/7/2020 10:10:27,A,9,2375,R,,-1,0,0,0,0,0,0,0,0,0,0,0,0,0,1,0,0,0,0
3/7/2020 11:28:22,5678,18,2375,B,Didn’t shoot,-1,0,0,0,0,1,0,0,0,0,0,0,0,0,0,0,0,0,0
3/7/2020 13:42:13,L,28,2375,R,Couldn't shoot,-1,0,0,0,-1,1,0,0,0,0,0,0,0,0,0,0,0,0,0
3/7/2020 14:24:29,L,34,2375,B,Misses all low shots,-1,0,0,0,0,1,0,0,0,0,0,0,0,0,0,0,0,0,0
3/7/2020 15:54:57,Yoyo,46,2375,R,,0,0,0,0,0,1,0,0,0,1,0,0,0,0,1,0,0,0,0
3/7/2020 17:25:40,A,57,2375,B,,0,1,0,0,0,1,0,0,0,0,0,0,0,0,0,0,0,0,0
3/8/2020 9:24:30,A,68,2375,R,,-1,0,0,0,0,1,0,0,0,0,0,0,0,0,0,0,0,0,0
3/8/2020 10:19:19,E,75,2375,B,Didn’t do much,-1,1,1,0,0,1,0,0,0,1,0,0,0,0,0,0,0,0,0
3/8/2020 10:54:15,E,80,2375,B,Didn’t do anything,-1,1,1,-1,0,1,0,0,0,0,0,0,0,0,0,0,0,0,0
3/7/2020 9:24:13,Estrella,3,1738,B,Collected balls and did nothing with them. Couldn’t drive and bumped into everything slowly,-1,0,0,0,0,1,0,0,0,0,0,0,0,0,1,0,0,0,0
3/7/2020 11:37:22,Alex,19,1738,R,,-1,0,0,-1,-1,1,0,0,0,0,0,0,0,0,1,0,0,0,0
43897.55727,L,26,1738,R,,0,0,0,0,0,1,0,0,0,0,0,0,0,0,0,0,0,0,0
3/7/2020 14:38:55,Yoyo,36,1738,B,"Inconsistent shot, low RPM on shooter, either too short, or too high shot. ",-1,0,0,0,0,1,0,0,0,0,0,0,0,0,0,0,0,0,0
3/7/2020 15:42:37,L,45,1738,B,Couldn't shoot,-1,0,0,0,0,1,0,0,0,0,0,0,0,0,0,0,0,0,0
3/7/2020 16:53:37,Yoyo,53,1738,R,Couldn't shoot.,-1,1,2,0,0,1,0,0,0,0,0,0,0,0,0,0,0,0,0
3/7/2020 17:56:21,E,61,1738,R,Damaged ball,-1,0,0,0,0,1,0,0,0,0,0,0,0,0,0,0,0,0,0
3/8/2020 10:04:15,L,73,1738,R,"Bricked at the end, but didn't make any shots during",-1,0,1,0,-1,1,0,0,0,0,1,0,0,0,0,0,0,0,0
43897.40895,E,6,1855,B,Didn’t move for 30 seconds. Climbed to early. After game was over the bit slid off bar,-1,0,0,-1,0,0,0,0,0,0,6,0,0,0,0,0,0,0,0
3/7/2020 10:51:03,L,14,1855,R,,0,0,0,0,0,0,0,0,0,0,2,2,0,0,0,1,1,0,0
3/7/2020 11:43:14,Alex,20,1855,R,,0,0,2,0,0,1,0,0,0,0,3,0,0,0,0,1,0,0,0
3/7/2020 14:20:59,Yoyo,33,1855,B,Shot ball outward 4 times.,-1,0,0,0,0,0,0,0,0,0,4,0,0,0,0,0,0,0,0
3/7/2020 15:15:55,L,41,1855,R,,0,0,0,0,0,0,0,3,0,0,2,0,0,0,0,1,1,0,0
3/7/2020 16:14:59,Yoyo,49,1855,R,,0,0,0,0,0,1,0,2,0,0,1,0,0,0,0,1,1,0,0
3/8/2020 9:05:59,E,64,1855,B,Gave themselves enough time to climb,1,0,0,0,0,0,0,0,0,0,4,0,0,0,1,1,1,0,0
3/8/2020 10:23:48,E,75,1855,B,"Shot ball out, can shoot from far away ",1,0,0,0,0,0,0,0,0,0,1,1,0,0,1,1,1,0,0
3/8/2020 11:01:24,E,81,1855,B,Got defended,-1,0,2,0,0,1,0,0,0,0,1,1,0,0,0,1,1,0,0
3/7/2020 10:11:56,L,9,1181,R,Accurate shooter,1,0,0,0,0,1,0,1,0,0,8,2,0,0,0,0,0,0,0
3/7/2020 11:43:08,L,20,1181,B,,0,2,0,0,0,1,0,3,0,0,0,0,0,0,0,0,0,0,0
3/7/2020 13:49:04,Alex,29,1181,B,,0,2,0,0,0,1,0,0,0,0,0,0,0,0,1,0,0,0,0
3/7/2020 14:26:16,L,34,1181,R,,0,0,0,0,0,1,0,1,3,0,4,2,0,0,1,0,0,0,0
3/7/2020 15:22:17,L,42,1181,R,Didn't do much,-1,0,0,0,0,1,0,1,0,0,1,1,0,0,0,0,0,0,0
3/7/2020 17:00:10,A,54,1181,B,Short shot,-1,0,0,0,0,1,0,0,3,0,5,3,0,0,1,0,0,0,0
3/8/2020 9:19:04,A,67,1181,R,Shot at crowd,-1,0,0,0,0,1,0,1,0,0,7,1,0,0,1,0,0,0,0
3/8/2020 10:05:15,L,73,1181,B,,0,0,1,0,0,1,0,1,0,0,10,2,0,0,1,0,0,0,0
3/7/2020 9:46:55,E,6,4849,B,Shot balls out of arena,-1,0,0,0,0,1,0,0,0,0,1,0,0,0,1,0,0,0,0
3/7/2020 10:41:10,Alex,13,4849,R,Shot from control panel missed only 3,0,0,0,0,0,1,0,0,0,0,0,0,0,0,1,0,0,0,0
3/7/2020 11:48:44,L,21,4849,B,Slow,-1,0,0,0,0,1,0,0,0,0,0,0,0,0,0,1,1,0,0
3/7/2020 14:03:19,A,31,4849,B,,-1,0,0,0,0,0,1,0,0,0,0,0,0,0,0,1,0,1,0
3/7/2020 15:00:23,E,39,4849,B,Not moving well,-1,0,0,0,0,1,0,0,0,0,0,0,0,0,0,1,0,1,0
3/7/2020 17:09:12,Alex,55,4849,B,,0,0,0,0,0,1,0,0,0,0,1,0,0,0,1,0,0,0,0
3/7/2020 17:50:03,E,60,4849,B,"Not shooting, in the way during the game ",-1,1,0,0,0,1,0,1,0,0,0,0,0,0,1,0,0,0,0
3/8/2020 9:40:20,L,70,4849,R,,0,1,0,0,0,1,0,0,0,0,0,0,0,0,1,0,0,0,0
3/8/2020 10:49:25,A,79,4849,R,,0,2,1,0,0,1,0,0,0,0,0,0,0,0,1,0,0,0,0
3/7/2020 9:55:23,A,7,3040,R,,-1,2,2,0,0,1,0,3,0,0,2,0,0,0,0,1,0,1,0
3/7/2020 10:53:21,L,14,3040,R,Stopped doing anything midmatch,-1,0,0,0,0,1,0,0,0,0,2,1,0,0,0,1,1,0,0
3/7/2020 13:33:18,L,27,3040,B,Tippy,-1,0,0,0,0,1,0,0,0,0,6,0,0,0,0,1,0,1,0
3/7/2020 14:24:26,A,34,3040,B,,-1,0,0,0,0,1,0,2,0,0,5,0,0,0,0,1,0,0,0
3/7/2020 15:43:12,Yoyo,45,3040,R,,0,0,2,-1,0,1,0,3,0,0,0,0,0,0,0,1,1,0,0
3/7/2020 16:43:45,A,52,3040,B,Tippy,-1,0,0,0,0,1,0,2,0,0,2,0,0,0,0,0,0,0,0
3/7/2020 17:40:11,E,59,3040,R,Tipy,-1,0,0,0,0,1,0,2,0,0,3,0,0,0,1,0,0,0,0
3/8/2020 10:27:43,E,76,3040,B,,0,0,0,0,0,1,0,0,0,0,3,0,0,0,0,1,0,0,0
3/7/2020 10:11:46,Alex,9,3201,R,,0,0,0,0,0,1,0,0,0,6,0,0,0,0,0,0,0,0,0
3/7/2020 10:52:08,E,14,3201,B,Bricked but started back up,-1,0,0,0,-1,1,0,0,0,4,0,0,0,0,1,0,0,0,0
3/7/2020 12:05:41,E,23,3201,B,,0,1,0,0,0,1,0,0,0,2,0,0,0,0,1,0,0,0,0
3/7/2020 14:56:02,L,38,3201,R,Didn't do much,-1,0,0,0,0,1,0,0,0,2,0,0,0,0,1,0,0,0,0
3/7/2020 16:01:29,L,47,3201,R,Bricked several times,-1,0,0,0,-1,1,0,0,0,1,0,0,0,0,0,0,0,0,0
3/7/2020 16:52:16,Yoyo,53,3201,R,Didn't do much.,-1,0,1,0,0,1,0,0,0,4,0,0,0,0,0,0,0,0,0
3/7/2020 17:58:15,A,61,3201,B,"Bad collector, somewhat defense, very slow",-1,1,1,-1,0,1,0,0,0,3,0,0,0,0,1,0,0,0,0
3/8/2020 9:32:24,A,69,3201,R,,-1,0,0,0,-1,0,0,0,0,0,0,0,0,0,0,0,0,0,0
3/8/2020 10:48:35,L,79,3201,B,,0,0,0,0,0,1,0,0,0,0,0,0,0,0,1,0,0,0,0
3/7/2020 10:10:49,L,9,1370,B,Didn't move,-1,0,0,0,0,0,0,0,0,0,0,0,0,0,0,0,0,0,0
3/7/2020 11:27:04,Alex,18,1370,B,Slow and bad accuracy,-1,0,0,0,0,0,0,1,0,0,4,0,0,0,0,0,0,0,0
3/7/2020 13:16:20,Yoyo,25,1370,R,"A ball got stuck under robot, bad accuracy, and attempted a climb, but failed. ",-1,0,0,0,0,0,0,0,0,0,1,0,0,0,1,0,0,0,0
3/7/2020 14:09:59,L,32,1370,R,,0,0,1,0,0,1,0,2,0,0,0,0,0,0,0,1,0,0,0
3/7/2020 15:28:03,E,43,1370,B,"Not a fast robot, made no attempts ",-1,0,0,0,0,1,0,0,0,0,2,0,0,0,1,0,0,0,0
43897.68747,Alex,51,1370,B,Very tippy against defense,-1,0,0,0,0,1,0,1,0,0,1,0,0,0,0,0,0,0,0
3/7/2020 17:38:51,A,59,1370,B,,0,0,1,0,0,1,1,3,0,0,4,0,0,0,1,0,0,0,0
3/8/2020 9:31:28,A,69,1370,R,Shot at crowd,-1,0,1,0,0,1,0,3,0,0,5,0,0,0,1,0,0,0,0
3/7/2020 10:03:06,A,8,1001,R,,0,0,0,0,0,1,0,2,0,0,3,0,0,0,0,1,0,1,0
3/7/2020 10:52:12,L,14,1001,R,Not a good collector. Chases too many balls,-1,0,0,0,0,1,0,2,0,0,3,0,0,0,0,1,1,1,0
43897.49815,E,22,1001,B,"Bumping into team, ramming into wall, struggled to collect, ran out of time to climb ",-1,0,0,0,0,1,0,3,0,0,1,0,0,0,1,0,0,0,0
3/7/2020 14:31:00,L,35,1001,B,Tippy,-1,0,0,0,0,1,0,0,0,0,0,0,0,0,1,0,0,0,0
3/7/2020 15:21:57,A,42,1001,B,,0,0,1,0,0,1,3,0,0,4,0,0,0,0,0,1,1,0,0
3/7/2020 17:16:10,E,56,1001,R,"Didn’t do that well, did a little bit of defense ",-1,1,0,0,0,1,0,0,0,0,2,1,0,0,0,1,1,0,0
3/7/2020 18:13:01,A,63,1001,R,Slow,-1,0,0,0,0,1,0,0,0,0,3,0,0,0,0,1,0,1,0
3/8/2020 9:26:43,L,68,1001,B,,0,1,0,0,0,1,0,0,0,0,2,0,0,0,0,1,0,0,0
3/8/2020 10:39:27,E,78,1001,B,Didn’t do much but drive around,-1,0,1,0,0,1,3,0,0,0,3,0,0,0,0,0,0,0,0
3/7/2020 9:32:12,A,4,2595,R,,-1,1,1,0,0,0,0,2,0,0,2,1,0,0,0,0,0,0,0
3/7/2020 10:53:40,E,14,2595,B,,0,0,0,0,0,1,0,3,0,0,2,0,0,0,0,0,0,0,0
3/7/2020 11:50:41,L,21,2595,R,,0,0,0,0,0,1,0,2,1,0,5,1,0,0,1,0,0,0,0
3/7/2020 14:38:31,L,36,2595,B,Good auto,1,2,0,0,0,1,0,4,0,0,0,0,0,0,1,0,0,0,0
3/7/2020 15:17:40,L,41,2595,R,,0,0,1,0,0,1,0,2,0,0,3,0,0,0,0,0,0,0,0
3/7/2020 17:02:20,A,54,2595,B,,0,0,2,0,0,1,0,3,0,0,0,0,0,0,0,0,0,0,0
3/7/2020 18:06:37,A,62,2595,B,,0,0,0,0,0,1,0,3,0,0,7,0,0,0,0,0,0,0,0
3/8/2020 10:34:11,A,77,2595,R,,0,0,0,0,0,1,0,3,0,0,9,1,0,0,0,0,0,0,0
3/7/2020 9:31:08,L,4,4533,B,Shot outside the field,-1,0,0,0,0,0,0,3,0,0,0,0,0,0,0,0,0,0,0
3/7/2020 11:18:59,L,17,4533,B,Sometimes drops balls,-1,0,1,0,0,1,0,1,0,0,2,0,0,0,1,0,0,0,0
3/7/2020 13:41:06,A,28,4533,B,Missed all shots,-1,0,0,0,0,1,0,0,0,0,0,0,0,0,0,0,0,0,0
3/7/2020 14:30:35,A,35,4533,R,,-1,0,0,0,0,0,1,0,0,0,0,0,0,0,0,0,0,0,0
3/7/2020 15:11:41,Yoyo,40,4533,R,,0,0,0,0,0,1,0,2,0,0,0,0,0,0,1,0,0,0,0
3/7/2020 16:31:26,A,51,4533,B,No movement,-1,0,0,0,-1,1,0,2,0,0,0,0,0,0,0,0,0,0,0
3/7/2020 17:41:19,Red Riot,59,4533,R,Balls fall out of collector,-1,1,1,0,0,1,0,0,0,0,0,0,0,0,1,0,0,0,0
3/8/2020 10:06:15,A,73,4533,R,,-1,0,0,0,0,0,0,0,0,0,2,1,0,0,0,0,0,0,0
3/8/2020 10:49:31,L,79,4533,B,Can't collect efficiently,-1,0,0,0,0,1,0,3,0,0,1,0,0,0,1,0,0,0,0
3/7/2020 9:30:19,L,4,3630,B,Misses most shots,-1,0,0,0,0,1,0,0,0,0,3,1,0,0,0,0,0,0,0
3/7/2020 10:24:38,L,11,3630,R,Balls get stuck on bumper,-1,0,0,-1,0,1,0,1,1,0,1,0,0,0,1,0,0,0,0
3/7/2020 11:42:09,E,20,3630,B,,0,0,0,0,0,1,0,3,0,0,4,0,0,0,0,0,0,0,0
3/7/2020 14:46:08,A,37,3630,B,,0,0,0,0,0,1,0,0,0,0,2,0,0,0,0,0,0,0,0
3/7/2020 16:01:35,E,47,3630,B,Stopped trying to shoot in port,-1,0,0,-1,0,1,0,3,0,0,0,0,0,0,1,0,0,0,0
3/7/2020 16:42:01,L,52,3630,R,Bricked,-1,0,0,0,-1,1,0,0,0,0,0,0,0,0,0,0,0,0,0
3/7/2020 17:49:10,L,60,3630,R,Ball got stuck under during auto,-1,0,0,-1,0,1,0,2,0,0,3,2,0,0,1,0,0,0,0
3/8/2020 9:46:55,L,71,3630,R,Shot at very end,0,2,0,-1,0,1,0,2,0,0,3,0,0,0,0,0,0,0,0
3/8/2020 11:10:01,L,82,3630,B,,0,0,0,0,0,1,0,1,0,0,0,0,0,0,0,0,0,0,0
3/7/2020 9:33:37,A,4,1347,R,,-1,0,0,0,0,1,0,0,0,0,1,0,0,0,0,1,0,1,0
3/7/2020 10:39:03,E,13,1347,B,Struggled to get a ball,-1,0,0,0,0,1,0,0,0,0,1,0,0,0,1,0,0,0,0
3/7/2020 11:58:04,L,22,1347,R,Bricked,-1,0,0,0,-1,1,0,0,0,0,1,0,0,0,0,0,0,0,0
3/7/2020 14:25:29,L,34,1347,R,Innacurate shots,-1,0,0,0,0,1,0,0,0,0,3,0,0,0,0,0,0,0,0
3/7/2020 16:09:43,L,48,1347,B,,0,0,2,0,0,1,0,0,0,0,1,0,0,0,0,1,0,0,0
3/7/2020 17:07:56,A,55,1347,B,,0,1,0,-1,0,1,0,0,0,0,0,0,0,0,0,1,0,0,0
3/8/2020 9:01:31,A,64,1347,R,Very inaccurate,-1,1,1,0,0,1,0,0,0,1,1,0,0,0,0,1,1,0,0
3/8/2020 10:26:40,L,76,1347,B,,0,2,1,0,0,0,0,0,0,0,0,0,0,0,0,1,0,0,0
3/7/2020 9:58:10,L,8,2574,B,No show,-1,0,0,0,0,0,0,0,0,0,0,0,0,0,0,0,0,0,0
3/7/2020 11:17:19,L,17,2574,R,No show,-1,0,0,0,0,0,0,0,0,0,0,0,0,0,0,0,0,0,0
3/7/2020 13:32:06,E,27,2574,R,No show,-1,0,0,0,0,0,0,0,0,0,0,0,0,0,0,0,0,0,0
3/7/2020 14:10:53,L,32,2574,B,,0,2,0,0,0,0,0,0,0,0,0,0,0,0,0,0,0,0,0
3/7/2020 16:00:41,L,47,2574,R,,0,0,0,0,0,1,0,0,0,1,0,0,0,0,0,0,0,0,0
3/7/2020 17:22:37,L,57,2574,R,Drives around only,-1,0,0,0,0,1,0,0,0,1,0,0,0,0,1,0,0,0,0
3/8/2020 9:15:30,L,65,2574,B,Struggles to collect,-1,0,0,0,0,1,0,0,0,2,0,0,0,0,1,0,0,0,0
3/8/2020 10:27:25,L,76,2574,B,,0,0,0,0,0,1,0,0,0,3,0,0,0,0,0,0,0,0,0
3/7/2020 9:15:01,A,2,2779,R,Bad driving got jammed,-1,0,0,0,0,1,0,0,0,0,1,0,0,0,0,0,0,0,0
3/7/2020 11:02:06,L,15,2779,R,Brown's out,-1,0,0,0,-1,1,0,0,0,0,0,0,0,0,0,0,0,0,0
3/7/2020 13:31:13,L,27,2779,B,"Good defense, no shots",1,1,0,0,0,1,0,0,0,0,0,0,0,0,0,0,0,0,0
3/7/2020 14:39:19,L,36,2779,R,Didn't do much,-1,1,0,0,0,1,0,0,0,0,0,0,0,0,0,0,0,0,0
3/7/2020 16:09:54,A,48,2779,B,Got bricked by 968 and browning out,-1,0,2,0,-1,1,0,2,0,0,2,0,0,0,0,0,0,0,0
3/7/2020 17:20:41,L,56,2779,B,,0,0,0,0,-1,1,0,0,0,0,0,0,0,0,0,0,0,0,0
3/8/2020 9:17:22,L,65,2779,B,Broke intake,-1,0,0,0,0,1,0,1,0,0,2,0,0,0,1,0,0,0,0
43898.43101,A,75,2779,R,Inaccurate chased after one ball,-1,0,0,0,0,1,0,0,0,0,3,0,0,0,1,0,0,0,0
3/8/2020 11:08:46,A,82,2779,R,,-1,1,0,0,-1,1,0,0,0,0,0,0,0,0,0,0,0,0,0
3/7/2020 9:18:02,Estrella,2,4064,B,No movement at all durning the match,-1,0,0,0,-1,0,0,0,0,0,0,0,0,0,0,0,0,0,0
3/7/2020 10:32:39,L,12,4064,R,Not moving during teleop,-1,0,0,0,-1,1,0,0,0,0,0,0,0,0,0,0,0,0,0
3/7/2020 13:17:55,L,25,4064,B,Bricked,-1,0,0,0,-1,1,0,1,0,0,0,0,0,0,0,0,0,0,0
3/7/2020 14:04:02,L,31,4064,R,Bricked,-1,0,0,0,-1,1,0,0,0,0,0,0,0,0,0,0,0,0,0
3/7/2020 15:44:51,Yoyo,45,4064,R,Poor control. Ten seconds stopped moving.,-1,0,0,0,-1,1,0,0,0,0,0,0,0,0,0,0,0,0,0
3/7/2020 17:27:06,A,57,4064,B,,-1,0,0,0,-1,0,0,0,0,3,0,0,0,0,0,0,0,0,0
3/7/2020 18:14:08,Yoyo,63,4064,B,"Fast, defending good. ",1,2,0,0,0,1,0,0,0,0,0,0,0,0,1,0,0,0,0
3/8/2020 8:48:57,Yoyo,63,4064,B,"Fast, defending good. ",1,2,0,0,0,1,0,0,0,0,0,0,0,0,1,0,0,0,0
43898.40818,L,71,4064,B,Defended against other bits from shooting,1,1,0,0,0,1,0,0,0,0,0,0,0,0,0,0,0,0,0
3/8/2020 10:47:56,A,79,4064,R,,-1,1,0,0,0,1,0,0,0,0,0,0,0,0,0,0,0,0,0